{
  "layout_shared": {
    "type": "array",
    "orientation": "vertical",
    "content": [
      {
        "type": "layout",
        "key": "layout_default_bingo"
      },
      {
        "type": "array",
        "orientation": "horizontal",
        "content": [
          {
            "type": "layout",
            "key": "layout_default_items"
          },
          {
            "type": "layout",
            "key": "layout_default_bosses"
          }
        ]
      }
    ]
  }
}